"Status","Start Time","Stop Time","Duration in ms","Parent Suite","Suite","Sub Suite","Test Class","Test Method","Name","Description"
"passed","Wed Dec 25 22:22:11 CST 2019","Wed Dec 25 22:22:11 CST 2019","0","unit","test_div","TestDiv1","","","test_03",""
"passed","Wed Dec 25 22:22:12 CST 2019","Wed Dec 25 22:22:12 CST 2019","0","unit","test_div_parametrize","TestDiv","","","test_int[0-100-0]",""
"passed","Wed Dec 25 22:22:12 CST 2019","Wed Dec 25 22:22:12 CST 2019","0","unit","test_div_parametrize","TestDiv","","","test_string[66-11]",""
"passed","Wed Dec 25 22:22:12 CST 2019","Wed Dec 25 22:22:12 CST 2019","1","unit","test_div_parametrize","TestDiv","","","test_string[0-1]",""
"passed","Wed Dec 25 22:22:11 CST 2019","Wed Dec 25 22:22:11 CST 2019","1","unit","test_div","TestDiv1","","","test_01",""
"passed","Wed Dec 25 22:22:12 CST 2019","Wed Dec 25 22:22:12 CST 2019","0","unit","test_div_parametrize","TestDiv","","","test_null[-1]",""
"passed","Wed Dec 25 22:22:12 CST 2019","Wed Dec 25 22:22:12 CST 2019","0","unit","test_div_parametrize","TestDiv","","","test_string[10-10]",""
"passed","Wed Dec 25 22:22:12 CST 2019","Wed Dec 25 22:22:12 CST 2019","1","unit","test_div_parametrize","TestDiv","","","test_null[1-]",""
"passed","Wed Dec 25 22:22:12 CST 2019","Wed Dec 25 22:22:12 CST 2019","0","unit","test_div_parametrize","TestDiv","","","test_int[999999999-3-333333333]",""
"failed","Wed Dec 25 22:22:12 CST 2019","Wed Dec 25 22:22:12 CST 2019","1","unit","test_div_parametrize","TestDiv","","","test_float[10.05-5-2.01]",""
"passed","Wed Dec 25 22:22:11 CST 2019","Wed Dec 25 22:22:11 CST 2019","1","unit","test_div","TestDiv1","","","test_02",""
"passed","Wed Dec 25 22:22:12 CST 2019","Wed Dec 25 22:22:12 CST 2019","0","unit","test_div_parametrize","TestDiv","","","test_float[7.7-1.1-7]",""
"passed","Wed Dec 25 22:22:12 CST 2019","Wed Dec 25 22:22:12 CST 2019","0","unit","test_div_parametrize","TestDiv","","","test_zero",""
"passed","Wed Dec 25 22:22:12 CST 2019","Wed Dec 25 22:22:12 CST 2019","1","unit","test_div_parametrize","TestDiv","","","test_float[0.5-10-0.05]",""
"passed","Wed Dec 25 22:22:12 CST 2019","Wed Dec 25 22:22:12 CST 2019","0","unit","test_div_parametrize","TestDiv","","","test_int[100-10-10]",""
"failed","Wed Dec 25 22:22:12 CST 2019","Wed Dec 25 22:22:12 CST 2019","0","unit","test_div_parametrize","TestDiv","","","test_float[10-3-3.333333]",""
